{
  "main": {
    "id": "40c831899caac729",
    "type": "split",
    "children": [
      {
        "id": "dacebc85c0810cd9",
        "type": "tabs",
        "children": [
          {
            "id": "571af4e35dd4d233",
            "type": "leaf",
            "state": {
              "type": "markdown",
              "state": {
                "file": "The First Environode Experiment.md",
                "mode": "source",
                "source": false
              }
            }
          },
          {
            "id": "c3a37b110a22aa47",
            "type": "leaf",
            "state": {
              "type": "markdown",
              "state": {
                "file": "The First Environode Experiment.md",
                "mode": "source",
                "source": false
              }
            }
          },
          {
            "id": "6b08dfae13c5c309",
            "type": "leaf",
            "state": {
              "type": "markdown",
              "state": {
                "file": "Appendix/Framework - Extended Cognitive Environment Design System (xCEDS).md",
                "mode": "source",
                "source": false
              }
            }
          },
          {
            "id": "b6abebaa4f8afdee",
            "type": "leaf",
            "state": {
              "type": "markdown",
              "state": {
                "file": "Log Entry - Environode Experiment 223.md",
                "mode": "source",
                "source": false
              }
            }
          },
          {
            "id": "80f969099fd09b90",
            "type": "leaf",
            "state": {
              "type": "canvas",
              "state": {
                "file": "The Links.canvas",
                "viewState": {
                  "x": 312.9739527738614,
                  "y": -104.76572799363376,
                  "zoom": -1.4031997293072433
                }
              }
            }
          },
          {
            "id": "b3977c6e1a160b9c",
            "type": "leaf",
            "state": {
              "type": "markdown",
              "state": {
                "file": "Log Entry - Environode Experiment 223.md",
                "mode": "source",
                "source": false
              }
            }
          },
          {
            "id": "8e8c0c7777768d58",
            "type": "leaf",
            "state": {
              "type": "markdown",
              "state": {
                "file": "Appendix/Elara's Cogniloop Design Guide.md",
                "mode": "source",
                "source": false
              }
            }
          },
          {
            "id": "898d3412d5458d45",
            "type": "leaf",
            "state": {
              "type": "markdown",
              "state": {
                "file": "Encounter in the hyperreality chamber of interconnected nested cogniloops.md",
                "mode": "source",
                "source": false
              }
            }
          },
          {
            "id": "35616cb4be9b2a75",
            "type": "leaf",
            "state": {
              "type": "markdown",
              "state": {
                "file": "A Compendium of Thought Projections - Exploring the Diverse Manifestations of Mental Constructs.md",
                "mode": "source",
                "source": false
              }
            }
          },
          {
            "id": "5e442bf205859be3",
            "type": "leaf",
            "state": {
              "type": "markdown",
              "state": {
                "file": "Cognitive Mechanisms of Projection in Diverse Domains and Abstract Construction Methods in Cognitive Environments.md",
                "mode": "source",
                "source": false
              }
            }
          },
          {
            "id": "072dbf6279ead068",
            "type": "leaf",
            "state": {
              "type": "markdown",
              "state": {
                "file": "Code - Cognitive Environment Design for Adaptive Projections.md",
                "mode": "source",
                "source": false
              }
            }
          },
          {
            "id": "b359e8b2b629ec0a",
            "type": "leaf",
            "state": {
              "type": "canvas",
              "state": {
                "file": "The Links.canvas",
                "viewState": {
                  "x": 276.2213135486842,
                  "y": -436.08964507201676,
                  "zoom": -1.9999999999999998
                }
              }
            }
          }
        ],
        "currentTab": 11
      }
    ],
    "direction": "vertical"
  },
  "left": {
    "id": "40926e49365a84f0",
    "type": "split",
    "children": [
      {
        "id": "1cb5b369a85e070b",
        "type": "tabs",
        "children": [
          {
            "id": "1a40e50cfc938913",
            "type": "leaf",
            "state": {
              "type": "file-explorer",
              "state": {
                "sortOrder": "byModifiedTime"
              }
            }
          },
          {
            "id": "42e0d0afad065f9b",
            "type": "leaf",
            "state": {
              "type": "search",
              "state": {
                "query": "",
                "matchingCase": false,
                "explainSearch": false,
                "collapseAll": false,
                "extraContext": false,
                "sortOrder": "alphabetical"
              }
            }
          },
          {
            "id": "563e4cef31ea3696",
            "type": "leaf",
            "state": {
              "type": "starred",
              "state": {}
            }
          }
        ]
      }
    ],
    "direction": "horizontal",
    "width": 300
  },
  "right": {
    "id": "562c97a59159be8f",
    "type": "split",
    "children": [
      {
        "id": "4a80e2b652ee2fcb",
        "type": "tabs",
        "children": [
          {
            "id": "39bca2653e3200a3",
            "type": "leaf",
            "state": {
              "type": "backlink",
              "state": {
                "file": "The Links.canvas",
                "collapseAll": false,
                "extraContext": false,
                "sortOrder": "alphabetical",
                "showSearch": false,
                "searchQuery": "",
                "backlinkCollapsed": false,
                "unlinkedCollapsed": true
              }
            }
          },
          {
            "id": "aa8dbe66ce8ebca7",
            "type": "leaf",
            "state": {
              "type": "outgoing-link",
              "state": {
                "file": "The Links.canvas",
                "linksCollapsed": false,
                "unlinkedCollapsed": true
              }
            }
          },
          {
            "id": "19a5aceeddf603f7",
            "type": "leaf",
            "state": {
              "type": "tag",
              "state": {
                "sortOrder": "frequency",
                "useHierarchy": true
              }
            }
          },
          {
            "id": "b86358de4cdcfee9",
            "type": "leaf",
            "state": {
              "type": "outline",
              "state": {
                "file": "The Links.canvas"
              }
            }
          }
        ]
      }
    ],
    "direction": "horizontal",
    "width": 300
  },
  "left-ribbon": {
    "hiddenItems": {
      "switcher:Open quick switcher": false,
      "graph:Open graph view": false,
      "canvas:Create new canvas": false,
      "daily-notes:Open today's daily note": false,
      "templates:Insert template": false,
      "command-palette:Open command palette": false
    }
  },
  "active": "b359e8b2b629ec0a",
  "lastOpenFiles": [
    "Appendix/Elara's Cogniloop Design Guide.md",
    "The Links.canvas",
    "Appendix/Paper - Projective Reality Matrix.md",
    "A Compendium of Thought Projections - Exploring the Diverse Manifestations of Mental Constructs.md",
    "Cognitive Mechanisms of Projection in Diverse Domains and Abstract Construction Methods in Cognitive Environments.md",
    "Config - Projections for Environode Experiment 223.md",
    "Code - Cognitive Environment Design for Adaptive Projections.md",
    "The First Environode Experiment.md",
    "Log Entry - Environode Experiment 223.md",
    "Appendix/Rediscovery and Science of Projections - An Exploration into the Manifestations of Consciousness.md",
    "Encounter in the hyperreality chamber of interconnected nested cogniloops.md",
    "Case Study - A Comparative Analysis of Good and Bad Cogniloops.md",
    "Appendix/Framework - Extended Cognitive Environment Design System (xCEDS).md",
    "Appendix/Log Entry - Elara's Cognitive Environment - Projection Encounter @ Env. Exp. 223.md",
    "Appendix/Paper - Dissolution of Organization through Cogniweave Manipulation via Cogniloop.md",
    "Appendix"
  ]
}